SCHEDULED_DEPARTURE,DEPARTURE_TIME,SCHEDULED_ARRIVAL,ARRIVAL_TIME,delay
5,2354,430,408,ontime
10,2,750,741,ontime
20,18,806,811,ontime
20,15,805,756,ontime
25,24,320,259,ontime
25,20,602,610,ontime
25,19,526,509,ontime
30,44,803,753,ontime
30,19,545,532,ontime
30,33,711,656,ontime
30,24,523,453,ontime
35,27,803,753,ontime
35,35,609,605,ontime
40,34,615,553,ontime
40,39,549,557,ontime
45,41,509,455,ontime
45,31,515,451,ontime
48,42,626,619,ontime
50,46,525,507,ontime
50,45,603,551,ontime
55,120,537,543,ontime
100,52,938,939,ontime
103,102,530,529,ontime
105,103,851,839,ontime
105,102,608,545,ontime
115,112,618,607,ontime
115,107,548,545,ontime
115,127,542,607,ontime
120,110,825,754,ontime
120,141,707,709,ontime
125,237,549,632,ontime
127,116,726,710,ontime
135,1452,600,700,ontime
140,1710,715,725,ontime
144,1030,634,630,ontime
145,656,555,610,ontime
152,1256,915,905,ontime
154,1726,509,458,ontime
155,840,633,558,ontime
155,1704,450,501,ontime
155,1245,523,450,ontime
159,2118,502,503,ontime
200,1651,500,460,ontime
200,1850,630,619,ontime
200,1521,504,453,ontime
206,1855,512,516,ontime
220,1357,804,728,ontime
220,1508,640,628,ontime
255,1255,500,451,ontime
259,1625,559,605,ontime
307,1455,500,520,ontime
330,1641,635,619,ontime
400,1249,605,730,ontime
419,1531,613,606,delayed
424,1712,630,629,ontime
438,645,739,908,ontime
500,1236,748,751,delayed
500,859,610,610,ontime
500,1232,549,543,ontime
500,1455,629,638,ontime
502,1645,544,549,ontime
505,1716,930,916,ontime
505,2305,541,530,delayed
510,1605,805,816,ontime
510,2118,613,602,ontime
510,1458,730,720,ontime
510,930,618,618,ontime
510,1230,619,615,ontime
510,1427,637,500,ontime
515,1730,900,858,ontime
515,2028,856,1038,ontime
515,1522,843,845,ontime
515,552,813,826,ontime
520,1847,850,950,ontime
520,852,841,935,ontime
520,1053,803,757,ontime
520,1258,634,629,ontime
520,1402,726,711,ontime
520,1456,612,615,ontime
520,850,620,629,ontime
523,657,600,548,ontime
525,857,730,735,ontime
525,1058,700,600,ontime
530,1258,820,826,ontime
530,1458,852,856,ontime
530,1655,907,906,ontime
530,1855,835,941,ontime
530,2056,525,511,ontime
530,1715,810,752,ontime
530,1030,938,913,ontime
530,656,700,890,ontime
530,1456,913,926,ontime
531,1727,857,923,ontime
533,1301,720,723,ontime
535,754,802,816,ontime
535,837,703,648,ontime
535,1350,700,635,delayed
535,1512,1020,1039,delayed
535,629,636,615,ontime
535,1625,803,745,ontime
535,655,800,757,ontime
535,858,650,650,ontime
538,657,900,1018,ontime
538,1650,710,654,ontime
540,1856,721,700,ontime
540,1253,856,823,ontime
540,854,1123,1331,ontime
540,1858,842,827,ontime
540,2050,803,742,ontime
540,1358,725,739,ontime
540,1510,757,743,delayed
540,1519,921,946,ontime
540,1243,953,937,ontime
541,1738,725,732,ontime
544,640,709,658,ontime
545,1030,759,738,ontime
545,855,904,858,ontime
545,1237,1156,1207,ontime
545,1455,814,807,ontime
545,1654,650,638,ontime
545,1741,850,959,ontime
545,2213,910,901,delayed
545,1604,702,649,ontime
545,2138,1026,1007,ontime
545,1505,849,847,delayed
545,828,741,742,ontime
545,1030,726,743,ontime
545,1230,654,646,ontime
545,1428,755,750,ontime
545,1629,715,811,ontime
545,1829,919,929,ontime
545,2024,651,750,ontime
548,1600,630,624,delayed
549,555,725,719,ontime
550,1829,1404,1329,ontime
550,855,750,754,ontime
550,1254,915,906,ontime
550,849,804,847,ontime
550,655,718,659,ontime
550,858,749,739,ontime
550,1059,748,743,ontime
550,1256,650,649,ontime
550,1500,1050,1052,ontime
550,1658,649,649,ontime
550,1857,819,812,ontime
550,1714,805,806,ontime
550,655,718,659,ontime
550,1026,645,600,ontime
550,1448,815,828,ontime
550,1255,920,940,ontime
550,857,759,740,delayed
550,1705,810,831,ontime
550,1329,913,919,delayed
553,2126,839,848,ontime
554,625,905,848,ontime
555,1722,925,923,ontime
555,1356,836,840,ontime
555,658,831,818,ontime
555,941,1150,1206,ontime
555,1738,930,920,ontime
555,1556,718,705,ontime
555,1511,720,703,ontime
555,703,645,636,ontime
555,1605,729,717,delayed
555,1644,604,610,ontime
555,1249,715,1101,ontime
555,1535,710,600,delayed
556,1837,730,708,delayed
556,640,900,927,ontime
557,1032,1109,1053,ontime
559,900,902,849,ontime
559,1243,920,1116,ontime
600,1504,719,656,ontime
600,1642,750,747,ontime
600,1709,928,1131,ontime
600,2120,736,735,ontime
600,1607,853,835,ontime
600,2116,737,731,ontime
600,1500,850,902,ontime
600,828,855,903,ontime
600,1028,819,805,ontime
600,1230,910,924,ontime
600,1432,815,839,ontime
600,1629,922,918,ontime
600,1832,745,719,ontime
600,2030,1330,1305,ontime
600,1534,900,922,delayed
600,554,735,729,ontime
600,745,850,824,ontime
600,1858,740,727,delayed
600,1257,1340,1324,ontime
600,1458,1217,1213,delayed
600,1659,834,816,ontime
600,1936,1204,1215,delayed
600,849,753,742,ontime
600,858,728,717,ontime
600,954,727,724,ontime
600,1055,944,939,ontime
600,1158,1411,1357,ontime
600,1257,1210,1154,ontime
600,1359,750,746,ontime
600,1456,841,851,ontime
600,1559,854,857,ontime
600,1658,925,928,ontime
600,1758,844,858,ontime
600,1857,950,1002,ontime
600,1957,835,800,ontime
600,2059,814,813,ontime
600,1615,843,914,delayed
600,1416,1010,1005,delayed
600,2030,905,900,delayed
600,1235,935,908,delayed
600,1255,745,748,ontime
600,1833,805,650,delayed
600,857,1130,500,ontime
600,1917,715,704,delayed
600,1310,912,1002,delayed
600,2221,720,710,delayed
600,1600,855,846,delayed
600,1952,1040,1047,delayed
600,927,1145,1142,ontime
600,858,750,730,ontime
600,2110,1130,1201,delayed
600,1356,849,836,delayed
600,2120,1205,1139,delayed
600,1557,800,805,delayed
600,1610,705,735,delayed
600,1638,854,841,delayed
600,1338,713,704,delayed
600,1606,803,754,delayed
600,1848,759,743,delayed
600,633,742,729,delayed
600,1054,850,841,ontime
600,946,755,743,delayed
600,1312,810,736,delayed
600,1700,715,718,ontime
600,1709,841,839,ontime
600,2200,834,843,delayed
600,1651,858,836,delayed
600,2125,831,826,ontime
600,1459,841,843,ontime
600,630,720,710,ontime
600,734,903,857,ontime
600,830,851,832,ontime
600,932,900,839,ontime
600,1031,901,900,ontime
600,1128,901,856,ontime
600,1230,948,930,ontime
600,1329,1023,1013,ontime
600,1427,852,907,ontime
600,1635,853,841,ontime
600,1730,808,816,ontime
600,1829,724,725,ontime
600,1955,843,824,delayed
600,2028,758,757,ontime
600,1538,840,858,ontime
600,557,720,712,ontime
600,656,830,832,ontime
600,758,839,807,ontime
600,859,907,846,ontime
600,1103,1417,1337,ontime
600,1250,923,851,ontime
600,1627,1127,1314,delayed
600,1702,809,749,ontime
600,1949,904,854,delayed
600,848,1100,801,ontime
600,627,837,836,delayed
600,657,753,725,ontime
600,757,1310,1250,ontime
600,900,911,849,ontime
600,958,1253,1231,ontime
600,1057,904,901,ontime
600,1155,829,822,ontime
600,1257,822,816,ontime
600,1358,858,834,ontime
600,1500,742,723,ontime
600,1601,739,718,ontime
600,1657,825,827,ontime
600,1757,843,900,ontime
600,1857,902,1001,ontime
600,1959,747,724,ontime
600,2100,735,745,ontime
600,744,753,749,delayed
600,1527,806,931,delayed
600,1221,938,918,delayed
600,1324,703,721,delayed
600,757,725,723,ontime
600,1846,703,653,delayed
600,844,753,733,ontime
600,1920,819,809,delayed
600,1357,732,729,delayed
600,2312,803,803,delayed
600,1536,814,755,delayed
600,624,632,651,ontime
600,700,703,703,ontime
600,1056,630,619,delayed
600,1321,716,713,delayed
600,2105,800,650,ontime
600,655,1000,666,ontime
600,1454,855,833,delayed
600,2104,820,814,delayed
600,1602,933,933,delayed
600,855,1145,1146,ontime
600,1617,819,808,delayed
600,1455,750,814,ontime
600,1240,650,646,ontime
600,1451,710,718,ontime
600,1752,720,729,ontime
600,635,700,704,ontime
600,1034,710,715,ontime
600,855,718,726,ontime
600,1237,720,728,ontime
600,1453,820,822,ontime
600,1641,825,830,ontime
600,1756,750,756,delayed
600,2153,735,738,delayed
600,1607,833,826,ontime
600,2118,740,746,ontime
600,1457,750,754,ontime
600,629,730,739,ontime
600,728,843,831,ontime
600,829,857,852,ontime
600,930,745,751,ontime
600,1030,805,809,ontime
600,1130,700,705,ontime
600,1230,723,715,ontime
600,1327,758,729,ontime
600,1428,851,1017,ontime
600,1529,738,836,ontime
600,1629,939,1014,ontime
600,1728,730,728,ontime
600,1830,722,730,ontime
600,1929,714,720,ontime
600,2031,719,650,ontime
600,1548,736,732,ontime
600,558,736,738,ontime
600,1843,809,753,ontime
600,655,810,813,ontime
600,817,827,808,ontime
600,852,658,655,ontime
600,1100,627,620,ontime
600,1313,652,658,ontime
600,1355,710,740,ontime
600,1535,704,709,delayed
600,1555,651,819,ontime
600,1654,733,732,ontime
600,1904,714,721,ontime
600,850,846,835,ontime
600,629,720,727,ontime
600,657,922,926,ontime
600,758,712,721,ontime
600,858,723,733,ontime
600,1000,708,720,ontime
600,1056,733,710,ontime
600,1158,807,806,ontime
600,1259,708,707,ontime
600,1357,736,729,ontime
600,1458,705,714,ontime
600,1557,646,634,ontime
600,1657,712,706,ontime
600,1758,727,706,ontime
600,1855,729,723,ontime
600,1958,925,958,ontime
601,2104,1432,1409,ontime
601,1451,1056,1049,ontime
601,1729,940,920,delayed
601,658,710,701,ontime
601,1037,638,636,ontime
601,1740,735,752,delayed
601,1256,912,1136,ontime
602,1856,700,700,delayed
603,727,1422,1350,ontime
603,847,730,716,ontime
603,1705,725,724,ontime
603,1236,725,732,ontime
603,2118,750,754,ontime
605,1435,1141,1200,ontime
605,622,949,945,ontime
605,2222,1014,1027,delayed
605,859,832,829,ontime
605,1901,911,845,delayed
605,1457,859,849,ontime
605,656,925,916,ontime
605,1644,805,743,delayed
605,1253,925,925,ontime
605,1356,736,715,ontime
605,1656,742,750,ontime
605,1627,740,745,ontime
605,644,805,748,ontime
605,1455,750,801,ontime
605,1639,900,849,ontime
605,1306,810,807,ontime
605,1445,825,825,ontime
605,1813,733,717,delayed
605,640,913,911,ontime
605,1038,726,712,ontime
605,831,857,925,ontime
605,1240,831,841,ontime
605,1521,813,941,ontime
605,1638,857,831,ontime
605,1922,735,814,delayed
605,2120,854,852,ontime
605,1606,927,946,ontime
605,1501,901,837,ontime
605,631,702,643,ontime
605,831,654,700,ontime
605,932,707,759,ontime
605,1030,715,722,ontime
605,1131,725,730,ontime
605,1231,650,652,ontime
605,1329,650,656,ontime
605,1430,705,701,ontime
605,1528,745,700,ontime
605,1629,641,640,ontime
605,1728,724,733,ontime
605,1828,726,723,ontime
606,1927,1159,1157,ontime
606,2030,915,838,ontime
606,1530,715,717,ontime
607,555,853,900,ontime
607,1918,724,715,delayed
608,655,1000,946,ontime
608,746,951,930,ontime
608,854,725,729,ontime
608,1056,750,727,ontime
609,1256,641,637,ontime
609,1352,911,923,ontime
610,1457,816,803,delayed
610,1624,811,826,delayed
610,2014,1220,1156,delayed
610,849,1404,1335,ontime
610,628,746,726,ontime
610,658,953,935,ontime
610,757,825,830,ontime
610,857,925,919,ontime
610,956,946,929,ontime
610,1058,1145,1134,ontime
610,1157,809,801,ontime
610,1256,845,841,ontime
610,1354,801,737,ontime
610,1457,1424,1413,delayed
610,1600,845,831,delayed
610,1656,808,733,ontime
610,1758,855,847,ontime
610,1859,845,814,ontime
610,1959,1016,1149,delayed
610,2054,753,812,ontime
610,659,809,806,ontime
610,1459,709,721,ontime
610,1920,905,945,delayed
610,1044,851,836,delayed
610,1255,755,730,ontime
610,1948,846,842,delayed
610,1813,723,654,delayed
611,728,1000,932,ontime
611,840,944,924,ontime
612,1725,725,753,ontime
612,1320,708,700,delayed
613,2117,721,712,ontime
614,624,1209,1156,ontime
614,1439,1057,1034,ontime
614,1352,656,707,ontime
614,731,909,859,delayed
615,1457,902,857,delayed
615,856,1203,1156,ontime
615,1254,805,1001,ontime
615,1654,905,858,ontime
615,1955,810,806,delayed
615,641,820,815,ontime
615,2058,730,717,ontime
615,1521,959,950,ontime
615,1629,900,854,ontime
615,1455,850,845,ontime
615,1640,755,732,delayed
615,1245,922,1052,ontime
615,1706,900,908,delayed
615,1710,823,810,delayed
615,2151,916,906,delayed
615,648,841,828,ontime
615,1036,755,758,ontime
615,852,853,909,ontime
615,1237,1119,1035,ontime
615,1449,1345,1342,ontime
615,1639,824,820,ontime
615,1714,710,1326,ontime
615,2135,750,726,ontime
615,1609,700,649,ontime
615,1601,807,843,delayed
615,628,805,814,ontime
615,728,806,754,ontime
615,828,747,801,ontime
615,931,700,648,ontime
615,1030,915,960,ontime
615,1129,718,959,ontime
615,1231,855,950,ontime
615,1328,750,730,ontime
615,1430,726,717,ontime
615,1533,934,947,ontime
615,1630,905,904,ontime
615,1731,708,719,ontime
615,1833,707,702,ontime
615,1928,750,740,ontime
615,2027,739,835,ontime
615,1524,901,846,ontime
615,552,855,905,ontime
616,1844,745,726,ontime
616,722,835,818,ontime
617,759,717,708,ontime
618,856,707,708,ontime
619,1050,857,908,ontime
619,1256,911,908,ontime
620,1353,811,806,ontime
620,1457,819,823,ontime
620,1557,1216,1148,ontime
620,1852,910,901,ontime
620,848,1110,1108,ontime
620,627,930,926,ontime
620,658,1415,1352,ontime
620,756,1230,1201,ontime
620,856,920,910,ontime
620,958,945,936,ontime
620,1057,1440,1358,ontime
620,1157,913,904,ontime
620,1259,1155,1150,ontime
620,1408,1045,1040,ontime
620,1457,1125,1101,ontime
620,1557,1120,1119,ontime
620,1733,900,850,delayed
620,1758,830,840,ontime
620,1916,851,841,delayed
620,2031,751,742,delayed
620,2059,805,811,ontime
620,1739,801,825,ontime
620,1456,848,834,ontime
620,1026,805,750,ontime
620,655,825,780,ontime
620,1728,820,860,ontime
620,734,840,828,ontime
620,1255,839,834,ontime
620,1854,906,915,ontime
620,838,817,810,ontime
620,1706,818,821,ontime
621,1241,754,814,ontime
621,2120,814,803,ontime
622,622,755,743,ontime
622,1421,910,922,ontime
622,1452,712,710,ontime
623,1857,855,840,ontime
624,1255,923,920,ontime
624,1625,750,719,ontime
625,654,822,812,delayed
625,1354,926,929,ontime
625,707,1120,1101,ontime
625,1700,925,936,ontime
625,857,1424,1407,ontime
625,2051,855,912,ontime
625,1527,1120,1170,ontime
625,1455,820,827,ontime
625,1634,920,1207,ontime
625,1257,945,927,ontime
625,1608,755,900,delayed
625,2106,840,845,delayed
625,2134,735,713,ontime
625,714,1050,1054,delayed
625,1106,925,930,ontime
625,836,923,926,delayed
625,1235,825,806,ontime
625,1454,816,852,ontime
625,1643,851,816,ontime
625,1710,733,722,ontime
625,2115,752,727,ontime
625,1617,937,931,ontime
625,1506,805,900,ontime
625,629,840,700,ontime
625,730,734,738,delayed
625,832,855,907,ontime
625,930,906,855,ontime
626,1032,812,808,ontime
626,1131,719,710,ontime
627,1228,654,644,ontime
628,1329,700,651,ontime
628,1432,720,721,ontime
629,1530,1330,1311,ontime
630,1633,809,814,ontime
630,1735,849,853,ontime
630,1829,1011,1033,ontime
630,1931,814,812,ontime
630,2030,731,751,ontime
630,1535,1459,1554,ontime
630,558,743,737,ontime
630,1851,1230,1221,delayed
630,843,840,843,delayed
630,851,1408,1353,ontime
630,1141,803,802,delayed
630,1252,1018,1023,ontime
630,1359,853,900,ontime
630,1503,844,1120,ontime
630,1618,835,824,delayed
630,1658,840,848,ontime
630,1916,935,945,delayed
630,904,812,802,delayed
630,629,930,921,ontime
630,657,910,902,ontime
630,756,947,951,ontime
630,958,931,901,ontime
630,1057,945,928,ontime
630,1155,828,830,ontime
630,1259,1455,1435,ontime
630,1357,1008,952,ontime
630,1458,937,915,ontime
630,1555,1125,1118,ontime
630,1657,845,814,ontime
630,1757,1018,1015,ontime
630,1902,1405,1418,ontime
630,1956,917,839,ontime
630,2052,758,743,ontime
630,1720,740,741,ontime
630,1450,727,720,ontime
630,1108,909,856,delayed
630,700,757,752,ontime
630,1727,835,944,ontime
630,1858,844,853,ontime
630,1258,920,937,ontime
630,732,850,844,ontime
630,840,825,819,ontime
630,1707,845,860,ontime
630,1242,725,709,ontime
630,2121,805,815,ontime
630,629,756,803,ontime
630,1423,740,731,ontime
630,1627,802,758,ontime
630,1526,830,842,ontime
630,1357,903,902,ontime
631,700,819,814,delayed
632,1256,924,907,ontime
632,1855,708,702,ontime
633,1457,904,906,ontime
633,850,727,702,ontime
635,2058,855,914,ontime
635,1655,1436,1413,ontime
635,645,950,940,ontime
635,1455,1230,1224,ontime
635,1638,846,833,delayed
635,1243,825,833,ontime
635,1710,815,790,ontime
635,2130,855,828,ontime
635,918,935,926,delayed
635,1303,918,910,delayed
635,1642,854,842,ontime
635,1708,936,926,ontime
635,2126,945,953,ontime
635,1800,931,905,ontime
635,1505,925,1010,delayed
635,729,810,753,ontime
635,832,844,803,ontime
635,1028,1219,1209,ontime
635,1230,854,834,ontime
635,1429,850,730,ontime
635,1624,754,753,ontime
635,1828,849,836,ontime
638,2031,930,915,ontime
639,1529,1230,1228,ontime
640,557,804,747,delayed
640,1826,816,808,ontime
640,855,814,812,ontime
640,1309,841,832,ontime
640,850,950,931,ontime
640,655,910,854,ontime
640,857,910,855,ontime
640,1056,845,833,ontime
640,1256,1055,1039,ontime
640,1458,805,800,ontime
640,1656,1429,1352,ontime
640,1854,945,947,ontime
640,1723,900,857,ontime
640,1450,750,755,ontime
640,657,920,913,ontime
640,1030,717,731,ontime
640,1254,904,859,ontime
640,906,912,856,ontime
640,1703,910,903,ontime
640,1255,1222,1232,ontime
640,2114,743,833,ontime
640,1655,1006,1026,ontime
640,658,828,820,ontime
640,1555,914,903,ontime
640,1456,913,906,ontime
640,645,1228,1223,ontime
640,1719,800,749,ontime
640,1355,745,759,ontime
640,925,805,813,ontime
640,1455,800,750,ontime
640,1634,905,915,ontime
640,1304,905,925,ontime
640,1500,830,851,ontime
640,1712,820,831,ontime
640,2115,856,855,ontime
640,840,946,1123,ontime
640,1238,834,823,ontime
640,1533,946,930,delayed
640,1637,850,847,ontime
640,1714,737,754,ontime
640,2155,825,805,delayed
642,1627,829,813,ontime
644,1456,1201,1139,delayed
645,829,1205,1150,ontime
645,1028,731,808,ontime
645,1130,805,749,ontime
645,1231,905,839,ontime
645,1327,800,758,ontime
645,1430,1010,952,ontime
645,1529,1000,931,ontime
645,1628,1050,1025,ontime
645,1732,950,952,ontime
645,1842,911,859,ontime
645,1928,820,826,ontime
645,2032,1000,957,ontime
645,1525,1215,1157,ontime
645,552,1005,953,ontime
645,915,1130,1146,ontime
645,2015,1150,1136,delayed
645,1255,915,946,delayed
645,1456,756,744,ontime
645,1652,910,858,ontime
645,1900,1009,1451,ontime
645,848,819,756,ontime
645,858,1401,1340,ontime
645,957,839,820,ontime
645,1057,1230,1222,ontime
645,1202,853,901,ontime
645,1258,854,828,ontime
645,1350,859,839,ontime
645,1452,900,926,ontime
645,1556,1459,1428,ontime
645,1657,900,855,ontime
645,1753,922,956,ontime
645,1856,724,752,ontime
645,2002,940,956,ontime
645,2054,934,942,ontime
645,1736,1010,1002,ontime
645,1029,820,860,ontime
645,1310,910,901,ontime
645,1450,845,900,ontime
645,1851,922,911,ontime
645,1255,835,843,ontime
645,1623,842,831,ontime
645,835,857,843,ontime
645,1700,820,819,ontime
645,1241,721,723,ontime
646,2113,802,809,ontime
646,1531,850,857,delayed
647,2130,800,801,ontime
647,844,729,723,ontime
648,1656,755,748,ontime
649,1723,1227,1218,ontime
650,1356,804,852,ontime
650,926,829,820,ontime
650,1501,1030,1017,ontime
650,1856,930,856,ontime
650,1450,915,859,ontime
650,1640,1000,1004,ontime
650,1244,912,912,ontime
650,1442,1015,1031,ontime
650,1709,810,803,ontime
650,2112,835,822,ontime
650,641,1030,1032,delayed
650,1037,755,740,ontime
650,833,1005,1115,ontime
650,1240,905,850,ontime
650,1535,1150,1149,delayed
650,1638,854,840,ontime
650,1710,909,859,ontime
650,2112,906,848,ontime
650,1451,840,826,ontime
650,630,812,803,ontime
650,733,1509,1458,ontime
650,830,755,754,ontime
650,1004,858,850,delayed
650,1028,840,835,ontime
650,1131,925,931,ontime
650,1230,905,910,ontime
650,1328,840,830,ontime
650,1432,830,825,ontime
650,1529,815,819,ontime
650,1630,1033,1047,ontime
650,1728,1148,1243,ontime
650,1830,704,715,ontime
651,1929,817,801,ontime
651,2029,741,834,ontime
652,1527,1010,1003,ontime
652,553,825,851,ontime
653,1820,951,936,ontime
653,654,1201,1151,delayed
654,756,803,802,ontime
655,855,812,759,ontime
655,1053,835,828,ontime
655,1258,930,929,ontime
655,1450,855,825,ontime
655,1552,830,826,ontime
655,1647,940,943,ontime
655,1903,1015,955,ontime
655,848,945,921,ontime
655,628,940,932,ontime
655,657,922,923,delayed
655,758,810,817,ontime
655,857,1515,1442,ontime
655,955,1105,1043,ontime
655,1058,935,937,delayed
655,1156,820,823,ontime
655,1256,1517,1508,ontime
655,1358,825,815,ontime
655,1458,1218,1206,ontime
655,1559,859,851,ontime
655,1656,829,807,delayed
655,1756,833,752,ontime
655,1858,822,815,ontime
655,1958,809,756,ontime
655,2056,828,831,ontime
655,656,1050,1055,ontime
655,1509,905,846,delayed
655,1720,1030,1105,ontime
657,1040,958,953,ontime
659,729,1025,1020,ontime
659,1257,828,813,ontime
659,1732,931,924,delayed
659,1852,944,924,ontime
659,831,1043,1019,ontime
659,1710,1002,939,ontime
659,1359,943,912,delayed
659,2112,907,856,ontime
700,622,738,745,ontime
700,1421,839,840,ontime
700,1348,853,836,ontime
700,858,1001,942,ontime
700,1519,827,807,ontime
700,1649,843,819,ontime
700,1857,859,852,ontime
700,2056,1022,1013,ontime
700,1253,838,821,ontime
700,651,1028,1030,ontime
700,1622,839,834,ontime
700,657,1033,1017,ontime
700,1456,858,911,ontime
700,1453,1526,1514,ontime
700,1639,1022,1029,ontime
700,1238,1252,1235,ontime
700,1922,1025,1027,delayed
700,2124,825,819,ontime
700,655,1015,1012,delayed
700,1038,940,929,ontime
700,833,930,916,ontime
700,1236,940,947,ontime
700,1450,930,942,ontime
700,1640,1005,1003,ontime
700,1713,930,926,ontime
700,2125,1045,1031,ontime
700,1642,835,812,delayed
700,1453,930,908,ontime
700,629,900,844,ontime
700,729,1010,1004,ontime
700,831,1000,1506,ontime
700,929,930,943,ontime
700,1029,1003,958,ontime
700,1128,812,801,ontime
700,1228,849,850,ontime
700,1329,908,910,ontime
700,1429,1020,1025,ontime
700,1529,1020,1026,ontime
700,1634,852,842,delayed
700,1733,1525,1436,ontime
700,1830,1524,1520,ontime
700,1930,1035,1045,ontime
700,2028,928,934,delayed
700,1516,840,844,ontime
700,553,845,843,ontime
700,1851,1215,1300,delayed
700,650,905,910,ontime
700,755,1145,1139,ontime
700,851,858,1050,ontime
700,1050,1030,1019,ontime
700,1248,935,926,ontime
700,1401,1013,958,ontime
700,1453,850,840,ontime
700,1700,1250,1314,delayed
700,1811,1005,940,delayed
700,2007,1010,1025,delayed
700,845,1043,1050,ontime
700,629,1017,957,ontime
700,658,1011,1015,ontime
700,756,845,831,ontime
700,857,1130,1115,ontime
700,958,835,816,ontime
700,1057,900,852,ontime
700,1156,845,840,ontime
700,1255,750,759,ontime
700,1359,950,935,ontime
700,1459,945,939,ontime
700,1558,1000,940,delayed
700,1706,930,1130,ontime
700,1759,934,927,ontime
700,1857,848,828,ontime
700,1956,805,810,ontime
700,2056,1110,1053,ontime
700,1025,1057,1121,ontime
700,1831,1044,1026,delayed
700,653,1519,1445,ontime
700,1537,851,814,delayed
700,729,1036,1029,ontime
700,1816,923,902,delayed
700,1924,1008,1219,delayed
700,1258,916,856,ontime
700,836,1036,1026,ontime
700,1708,1055,1049,ontime
700,1237,948,925,ontime
700,2115,933,929,ontime
700,626,1513,1445,ontime
700,1740,1040,1030,delayed
700,1255,1415,1352,ontime
700,655,1433,1428,ontime
700,1456,906,845,ontime
700,1655,900,904,ontime
700,1355,828,814,ontime
700,1927,849,846,delayed
700,1519,1043,1037,ontime
700,641,1216,1159,ontime
700,1625,855,835,ontime
700,855,934,916,ontime
700,2055,1009,938,ontime
700,1500,949,932,ontime
700,1630,959,957,ontime
700,1243,905,832,ontime
700,1722,948,1001,ontime
700,2118,1150,1139,ontime
700,640,1008,1000,ontime
700,1034,849,910,ontime
700,844,1043,1026,ontime
700,1243,954,943,ontime
700,1450,1427,1405,ontime
700,1640,1445,1410,ontime
700,1714,1146,1120,ontime
700,2119,1130,1110,ontime
700,1631,1005,1202,ontime
700,1454,733,722,ontime
700,631,805,817,ontime
700,730,939,945,ontime
700,829,827,801,ontime
700,929,819,810,ontime
700,1029,856,859,ontime
700,1132,950,1000,delayed
700,1230,950,933,ontime
700,1329,1225,1323,ontime
700,1431,913,912,ontime
700,1530,848,858,delayed
700,1631,755,777,ontime
700,1728,910,900,ontime
700,1829,1025,950,ontime
700,1928,855,833,delayed
700,2030,925,915,delayed
700,1526,808,790,ontime
700,553,848,905,ontime
700,1825,948,936,ontime
700,657,930,928,delayed
700,757,820,849,ontime
700,853,757,813,ontime
700,1111,1004,1014,delayed
700,1255,759,758,ontime
700,1454,826,825,ontime
700,1612,950,1020,ontime
700,1658,742,741,ontime
700,1917,800,807,ontime
700,847,827,833,ontime
700,627,838,839,ontime
700,657,1129,1137,ontime
700,757,854,813,ontime
701,856,753,745,ontime
702,1001,847,845,ontime
702,1057,1121,1219,ontime
702,1157,820,819,ontime
702,1257,1000,932,ontime
702,1356,806,820,ontime
702,1500,815,816,ontime
704,1559,840,842,ontime
704,1653,929,937,ontime
704,1757,946,1013,ontime
705,1858,945,933,ontime
705,1959,1534,1522,delayed
705,2059,1020,1006,ontime
705,655,940,928,ontime
705,1449,930,920,ontime
705,1722,1055,1025,ontime
705,1035,840,853,ontime
705,1257,940,931,ontime
705,1915,920,923,ontime
705,731,1050,1024,ontime
705,1745,1245,1253,delayed
705,848,740,810,ontime
705,1703,925,907,ontime
705,1245,855,846,ontime
705,2330,1524,1433,delayed
705,629,810,833,ontime
705,1502,1010,1011,delayed
705,656,1016,1039,ontime
705,1703,1205,1150,ontime
705,856,1300,1251,ontime
705,1355,945,955,ontime
705,643,810,832,ontime
705,1456,948,940,ontime
705,1625,953,946,ontime
705,1858,1125,1115,ontime
705,1255,840,906,ontime
705,1524,910,856,ontime
705,2100,810,758,ontime
705,1455,830,818,ontime
705,1637,823,815,ontime
705,1310,944,923,ontime
705,1545,1051,1029,delayed
705,2133,1025,953,delayed
705,858,1517,1455,ontime
705,1236,1424,1356,ontime
705,1502,1247,1231,ontime
705,1644,946,940,ontime
705,1714,945,913,ontime
705,2138,1024,1000,ontime
705,1605,930,951,ontime
705,1501,800,801,ontime
705,630,910,850,ontime
705,729,925,905,delayed
705,943,830,812,ontime
705,1130,956,948,ontime
706,1330,838,832,ontime
706,1428,738,929,ontime
708,1530,935,939,ontime
708,1630,810,818,ontime
709,1736,955,1024,ontime
709,1831,744,738,ontime
710,1928,1209,1202,delayed
710,2029,1820,1916,delayed
710,1523,1100,1058,ontime
710,553,840,836,ontime
710,1834,1115,1050,ontime
710,800,900,833,delayed
710,1050,950,947,ontime
710,1341,1125,1056,delayed
710,1400,815,800,ontime
710,1519,1200,1153,ontime
710,1643,1300,1322,delayed
710,1758,857,922,delayed
710,2012,1004,1002,delayed
710,955,1008,951,delayed
710,627,1240,1237,delayed
710,815,1030,1027,ontime
710,1019,815,814,delayed
710,1058,856,848,ontime
710,1158,934,926,ontime
710,1358,1023,957,ontime
710,1458,851,833,ontime
710,1559,852,849,ontime
710,1701,1045,1026,ontime
710,1759,903,825,ontime
710,1858,730,727,delayed
710,2056,914,928,delayed
710,1450,830,805,ontime
710,1027,833,823,delayed
710,1811,943,948,delayed
710,815,1105,1135,delayed
711,1951,935,927,delayed
711,1256,829,827,ontime
712,835,825,818,ontime
712,1237,1000,1019,ontime
713,2116,1046,1048,ontime
713,623,1220,1202,ontime
713,643,749,751,ontime
714,1952,1207,1133,delayed
715,654,958,929,delayed
715,1345,950,922,delayed
715,1646,1507,1458,ontime
715,1525,1007,1018,ontime
715,1504,934,907,ontime
715,2140,903,935,delayed
715,956,935,928,delayed
715,1359,855,839,ontime
715,1455,815,809,ontime
715,1648,1020,1002,ontime
715,1545,915,859,delayed
715,1952,835,827,delayed
715,2117,1100,1052,ontime
715,640,900,837,ontime
715,840,945,922,ontime
715,1246,1240,1232,ontime
715,1454,828,825,ontime
715,1653,1005,1004,ontime
715,1709,934,931,ontime
715,2127,1030,1051,ontime
715,1607,1530,1511,ontime
715,1500,1000,955,delayed
715,630,1010,1009,ontime
715,739,939,1051,ontime
715,829,840,911,delayed
715,929,1210,1210,ontime
715,1040,1045,1030,delayed
715,1129,1235,1237,ontime
715,1228,1055,1043,ontime
715,1331,920,914,ontime
715,1429,1009,1016,ontime
715,1532,917,916,ontime
715,1630,948,932,ontime
715,1728,1220,1153,ontime
715,1830,1018,1005,ontime
715,1931,835,837,ontime
715,2028,1241,1322,ontime
715,1522,1350,1501,ontime
715,553,942,927,ontime
715,2019,859,830,delayed
715,747,1024,957,delayed
715,856,1400,1342,delayed
715,1217,930,921,delayed
715,1315,1038,1021,delayed
715,1429,901,1114,delayed
715,1705,850,836,delayed
715,1729,932,920,delayed
715,2006,835,827,delayed
715,955,915,948,delayed
715,628,836,823,ontime
715,657,755,806,ontime
715,756,805,801,ontime
715,859,825,828,delayed
715,958,834,848,ontime
716,1059,1011,945,ontime
716,1151,825,812,ontime
717,1258,1000,1012,ontime
717,1356,1018,1010,ontime
717,1457,813,803,ontime
718,1558,901,901,ontime
718,1658,1037,1010,ontime
719,1758,843,850,ontime
719,1900,809,809,delayed
719,2000,936,952,ontime
719,2057,807,927,ontime
720,1849,1116,1055,delayed
720,1053,1337,1324,delayed
720,1600,950,950,delayed
720,654,1310,1251,ontime
720,1423,1025,1025,delayed
720,1912,1100,1048,delayed
720,729,1015,1009,ontime
720,834,1040,1015,ontime
720,1711,1040,1037,ontime
720,1249,850,857,ontime
720,2120,925,910,ontime
720,700,934,907,delayed
720,1602,1012,1000,delayed
720,643,1600,1546,ontime
720,1622,1125,1142,delayed
720,1549,830,812,delayed
720,1753,1006,1007,delayed
720,1421,1004,1002,delayed
720,859,1016,1025,ontime
720,2045,825,822,delayed
720,657,1040,1040,ontime
720,2050,1220,1206,ontime
720,1827,905,854,delayed
720,1455,929,955,ontime
720,1637,1133,1115,ontime
720,1244,1049,1118,ontime
720,1714,1042,1019,ontime
720,2230,1012,947,delayed
720,853,1031,1007,ontime
720,1236,940,934,ontime
720,1641,941,915,ontime
720,1720,1013,949,delayed
720,2136,1017,954,delayed
720,1808,840,828,delayed
720,1509,1107,1037,delayed
720,727,1054,1041,ontime
720,828,828,850,ontime
720,1028,835,815,ontime
720,1430,920,855,ontime
720,1708,1015,1010,delayed
720,1829,1028,1029,ontime
720,2026,1030,1034,ontime
720,1529,840,856,ontime
721,554,806,827,ontime
721,1827,810,802,ontime
721,855,915,900,ontime
721,1247,811,805,ontime
723,849,1019,1006,ontime
723,654,830,838,ontime
724,859,1016,1020,ontime
725,1100,1435,1422,ontime
725,1259,908,859,ontime
725,1456,1333,1338,ontime
725,1658,1119,1116,ontime
725,1854,1024,1013,ontime
725,1717,1005,1001,ontime
725,1445,1210,1155,ontime
725,1028,920,909,ontime
725,658,845,839,ontime
725,1258,1015,959,ontime
725,835,930,922,ontime
725,1700,940,928,ontime
725,1240,1034,1005,ontime
725,2119,959,955,delayed
725,658,1002,1014,ontime
725,1601,1340,1338,ontime
725,1727,1015,1032,ontime
725,1351,1210,1232,ontime
725,1457,955,948,ontime
725,924,835,835,ontime
725,1655,940,950,ontime
725,641,929,904,ontime
725,1455,946,1000,ontime
725,1659,1111,1117,delayed
725,1302,1047,1034,ontime
725,1526,1016,1025,delayed
725,1802,1026,1002,delayed
725,2110,940,939,ontime
725,833,1055,1157,ontime
725,1249,845,900,ontime
725,1539,915,902,delayed
725,1646,955,946,ontime
725,1709,840,813,delayed
725,2111,850,870,ontime
725,1706,838,820,delayed
725,1555,930,926,delayed
725,830,1002,950,ontime
725,1029,830,853,ontime
725,1230,812,828,delayed
725,1430,1121,1117,ontime
725,1632,925,940,ontime
726,1843,953,943,delayed
726,2029,803,814,ontime
727,1549,1158,1130,delayed
727,552,1045,1033,delayed
727,919,842,829,ontime
727,2023,920,912,delayed
728,1330,959,1004,delayed
728,1540,900,827,delayed
729,1818,923,908,delayed
729,2004,1032,1041,delayed
729,848,1004,1013,ontime
729,858,1026,1028,ontime
729,954,1034,1025,ontime
729,1102,1024,1031,ontime
730,1159,1012,1037,ontime
730,1257,905,858,delayed
730,1356,1321,1302,ontime
730,1555,1550,1512,delayed
730,1757,835,821,ontime
730,1855,950,947,ontime
730,1957,920,917,ontime
730,2055,905,847,ontime
730,1057,852,840,delayed
730,1314,1011,1012,delayed
730,1528,1010,950,delayed
730,1258,1005,1004,ontime
730,1754,855,900,delayed
730,1959,840,839,delayed
730,834,1040,1036,ontime
730,1900,850,835,delayed
730,1246,900,933,delayed
730,2117,1030,1018,ontime
730,1630,832,823,delayed
730,1622,825,1155,delayed
730,841,1107,1042,ontime
730,925,1029,1051,ontime
730,1455,1223,1209,ontime
730,1636,1014,1008,ontime
730,1303,858,843,ontime
730,1445,1036,1044,ontime
730,1709,1442,1423,ontime
730,10,943,920,delayed
730,847,1425,1408,delayed
730,1035,1108,1036,ontime
730,833,926,918,ontime
730,1237,902,842,ontime
730,1454,1108,1043,ontime
730,1641,1026,1004,ontime
730,1710,847,837,ontime
730,2121,1319,1249,ontime
730,1603,1049,1033,ontime
730,1506,904,917,delayed
730,731,907,917,ontime
730,842,840,830,ontime
730,1029,850,845,ontime
730,1231,1020,1121,ontime
730,1431,950,970,ontime
730,1530,813,759,ontime
730,1630,905,880,ontime
730,1829,920,955,ontime
730,1930,945,945,ontime
730,2029,845,819,ontime
730,1536,853,833,ontime
730,553,828,800,ontime
730,1846,1023,1000,delayed
730,758,920,1027,delayed
730,822,942,942,delayed
730,858,1028,1036,ontime
730,1100,1001,949,ontime
730,1253,940,951,ontime
730,1356,905,907,ontime
730,1534,917,907,delayed
730,1559,818,840,ontime
730,1717,950,932,ontime
730,1937,939,937,delayed
730,846,906,915,ontime
730,627,852,845,ontime
731,656,1030,1003,ontime
731,758,1004,952,ontime
731,858,1032,1000,ontime
731,955,1006,958,ontime
732,1059,1020,1024,ontime
734,1157,1007,1021,ontime
734,1256,1027,1041,ontime
734,1353,951,947,ontime
735,1456,759,754,ontime
735,1558,1006,1011,ontime
735,1656,1501,1450,ontime
735,1755,837,820,ontime
735,1855,1019,951,ontime
735,1956,1032,1006,ontime
735,2057,1007,949,ontime
735,1710,840,822,ontime
735,1028,1005,1002,ontime
735,654,910,903,ontime
735,1451,1040,1014,ontime
735,1732,1105,1051,delayed
735,1253,930,930,ontime
735,728,835,821,ontime
735,1857,1020,1002,ontime
735,832,855,846,ontime
735,1705,920,920,ontime
735,1237,930,918,ontime
735,2300,1516,1449,delayed
735,627,935,927,ontime
735,1427,850,856,ontime
735,2051,1150,1127,delayed
735,1258,950,932,ontime
735,645,1120,1121,ontime
735,1530,851,855,ontime
735,656,925,955,ontime
735,1659,1106,1130,ontime
735,1455,939,928,ontime
735,1628,1100,1047,ontime
735,1355,932,928,ontime
735,855,1027,1027,ontime
735,2052,935,932,ontime
735,1500,1050,1011,ontime
735,1637,840,1045,ontime
735,1300,1052,1035,ontime
735,1455,843,900,ontime
735,1725,900,908,ontime
736,2143,811,816,ontime
737,635,1032,1032,ontime
737,1033,1104,1042,ontime
737,835,1003,958,ontime
738,1351,1043,1020,delayed
739,1446,925,907,ontime
740,1643,1105,1059,ontime
740,1706,925,851,ontime
740,2118,1215,1213,ontime
740,1632,1210,1209,ontime
740,1514,1230,1229,delayed
740,629,930,920,ontime
740,729,920,910,ontime
740,839,1105,1057,ontime
740,929,1025,1048,ontime
740,1029,910,927,ontime
740,1129,850,837,ontime
740,1227,1014,954,ontime
740,1329,930,931,ontime
740,1430,930,932,ontime
740,1531,1045,1045,ontime
740,1717,855,907,delayed
740,1731,850,878,ontime
740,1831,955,965,ontime
740,1930,925,917,ontime
740,2029,926,919,ontime
740,1522,858,840,ontime
740,548,1024,1010,ontime
740,1823,1511,1801,ontime
740,653,1012,1005,ontime
740,759,946,936,ontime
740,850,1051,1041,ontime
740,1057,933,912,ontime
740,1255,947,950,ontime
740,1350,843,850,ontime
740,1458,828,854,ontime
740,1551,923,900,ontime
740,2004,935,855,delayed
740,844,935,950,ontime
740,626,950,1006,ontime
740,658,900,837,ontime
740,758,934,943,ontime
740,859,932,925,ontime
741,957,1041,1039,ontime
741,1055,1155,1222,ontime
741,1156,837,1018,ontime
742,1258,851,858,ontime
742,1357,1025,1013,ontime
742,1456,914,856,ontime
742,1554,1210,1526,ontime
742,1657,1101,1118,ontime
743,1758,932,955,ontime
743,1858,901,859,ontime
743,1957,1047,1038,ontime
744,2057,904,907,ontime
744,1453,1028,1037,ontime
745,1027,1544,1530,ontime
745,1723,1010,1021,delayed
745,655,1037,1029,ontime
745,1856,1156,1149,ontime
745,1723,1014,1003,ontime
745,1250,1527,1457,ontime
745,729,1023,1019,ontime
745,835,925,905,ontime
745,1700,1050,1042,ontime
745,1236,1120,1111,ontime
745,2113,845,832,ontime
745,625,925,926,ontime
745,1426,930,922,ontime
745,1624,945,924,ontime
745,2052,955,1030,ontime
745,1357,925,920,ontime
745,1650,900,844,ontime
745,638,935,931,ontime
745,1855,1047,1035,ontime
745,859,1014,1020,ontime
745,1255,1045,1054,ontime
745,1555,1010,952,delayed
745,1456,935,941,ontime
745,708,1120,1104,delayed
745,1455,1000,1004,ontime
745,1239,1020,1011,ontime
745,1448,1130,1103,ontime
745,1714,957,945,ontime
745,2220,1058,1037,delayed
745,702,904,844,delayed
745,1032,1021,1002,ontime
745,836,1528,1522,ontime
745,1237,955,1029,ontime
745,1504,857,854,ontime
745,1639,1001,939,ontime
745,1710,945,1012,ontime
745,2118,1021,1006,ontime
745,1603,939,932,ontime
745,1456,1321,1306,ontime
745,630,945,948,ontime
745,730,1107,1104,ontime
745,831,842,836,ontime
745,931,848,858,ontime
745,1031,910,920,ontime
745,1131,1252,1238,ontime
745,1230,910,833,ontime
745,1332,915,950,ontime
745,1431,859,903,ontime
745,1530,1041,1505,ontime
745,1632,1116,1135,delayed
745,1730,1115,1107,ontime
746,1828,1030,1031,ontime
746,1928,945,954,ontime
746,2032,851,840,ontime
747,1525,922,917,ontime
748,555,822,806,ontime
748,1830,845,835,ontime
748,652,844,941,ontime
750,753,900,844,ontime
750,857,1105,1130,ontime
750,1050,850,839,ontime
750,1252,1040,1027,ontime
750,1349,1050,1050,ontime
750,1452,1115,1059,ontime
750,1556,1024,1023,ontime
750,1653,942,941,ontime
750,1853,1027,1011,ontime
750,846,957,943,ontime
750,627,950,946,ontime
750,659,1315,1356,ontime
750,759,1200,1150,ontime
750,855,915,950,ontime
750,956,1126,1137,ontime
750,1056,1130,1119,ontime
750,1155,1604,1535,ontime
750,1255,1036,1025,ontime
750,1357,1008,1009,ontime
750,1456,855,859,ontime
750,1558,1011,947,ontime
750,1658,845,900,ontime
750,1803,926,930,ontime
750,1859,907,932,ontime
750,1956,1115,1117,ontime
750,2058,830,752,ontime
750,658,1210,1215,ontime
750,1452,1200,1307,ontime
750,1726,853,905,delayed
750,1028,1027,1035,ontime
750,1727,904,859,delayed
750,1858,900,855,ontime
750,1256,1006,943,ontime
751,728,1047,1115,ontime
753,859,935,926,ontime
754,1702,1208,1147,delayed
754,1235,1123,1121,ontime
755,2145,900,921,ontime
755,627,905,901,ontime
755,1424,855,952,ontime
755,643,1020,1010,ontime
755,1455,1025,1021,delayed
755,2054,945,934,ontime
755,1648,935,937,delayed
755,1857,1320,1300,ontime
755,1520,905,851,delayed
755,659,1020,1014,ontime
755,1356,1339,1308,ontime
755,1654,1320,1328,ontime
755,1251,945,936,ontime
755,858,945,1034,ontime
755,1540,1615,1551,delayed
755,1641,915,935,ontime
755,1324,1125,1129,delayed
755,1540,1200,1206,delayed
755,1715,1014,957,ontime
755,2114,1002,936,ontime
755,642,1055,1052,ontime
755,1034,1015,1001,ontime
755,830,1054,1057,ontime
755,1237,930,938,ontime
755,1455,850,1234,ontime
755,1642,858,900,ontime
755,1707,910,902,ontime
755,2116,935,926,ontime
755,1607,906,932,ontime
755,1458,857,918,ontime
755,629,834,849,ontime
755,729,857,849,ontime
757,831,927,950,ontime
757,928,1250,1226,ontime
757,1030,1025,1001,ontime
757,1129,905,908,ontime
757,1231,849,1033,ontime
757,1331,946,958,ontime
758,1429,1059,1045,delayed
758,1530,1114,1112,ontime
758,1633,1125,1114,delayed
758,1731,1115,1139,delayed
758,1831,905,914,ontime
758,1928,1217,1242,ontime
759,2033,1004,1010,ontime
759,1517,941,927,ontime
759,553,1109,1114,ontime
759,1823,1110,1037,ontime
759,730,1047,1021,ontime
759,758,928,942,ontime
800,852,848,842,ontime
800,1056,1025,1024,ontime
800,1255,931,930,ontime
800,1359,1032,1046,ontime
800,1459,1028,1041,ontime
800,1559,1035,1029,ontime
800,1652,1026,1018,ontime
800,1854,1022,1024,ontime
800,847,1039,1024,ontime
800,625,1004,930,ontime
800,654,940,949,ontime
800,754,945,915,ontime
800,857,910,904,ontime
800,955,1630,1559,ontime
800,1055,920,914,ontime
800,1153,1600,1538,ontime
800,1255,1000,944,ontime
800,1355,1105,1058,ontime
800,1456,1145,1113,ontime
800,1559,940,921,ontime
800,1658,1045,1029,ontime
800,1759,1330,1317,ontime
800,1900,1005,953,ontime
800,2011,945,920,ontime
800,2139,1120,1108,delayed
800,658,915,935,ontime
800,1030,930,910,ontime
800,1450,1105,1050,ontime
800,1803,945,934,delayed
800,1258,1055,1045,ontime
800,729,905,909,ontime
800,1855,1034,1020,ontime
800,1721,1410,1342,delayed
800,831,1137,1152,ontime
800,1706,1150,1140,ontime
800,1249,1142,1145,ontime
800,2116,1109,1048,ontime
800,624,833,824,ontime
800,1425,1121,1100,ontime
800,1356,1005,949,ontime
800,1522,1115,1150,ontime
800,1627,1140,1228,ontime
800,1307,955,957,ontime
800,641,1145,1303,ontime
800,1451,1552,1539,ontime
800,1656,1000,954,ontime
800,655,1255,1235,ontime
800,1850,1255,1246,ontime
800,2052,950,1011,ontime
800,854,925,1043,ontime
800,1622,1050,1052,delayed
800,1640,930,1104,ontime
800,1239,1140,1128,delayed
800,1715,1200,1221,ontime
800,109,1540,1529,delayed
800,634,1225,1246,ontime
800,1048,1300,1250,ontime
800,832,930,1139,ontime
800,1236,1100,1037,ontime
800,1458,1609,1548,ontime
800,1642,1039,1012,ontime
800,1706,940,938,ontime
800,2120,1055,1033,ontime
800,1609,1004,1005,ontime
800,1456,1054,1049,ontime
800,627,1055,1023,ontime
800,726,1002,948,ontime
800,828,1000,943,ontime
800,928,1034,1041,ontime
800,1029,1011,941,ontime
800,1128,900,902,ontime
800,1229,1111,1051,ontime
800,1428,1135,1131,ontime
800,1529,1629,1623,ontime
800,1631,916,914,ontime
800,1732,1038,1019,ontime
800,1829,912,905,ontime
800,1929,1241,1201,ontime
800,2028,1101,1054,ontime
800,1530,1037,1027,delayed
800,553,1111,1046,ontime
800,1827,1022,1117,ontime
800,655,1027,1029,ontime
800,755,1106,1102,ontime
800,850,1057,1046,ontime
800,1047,1051,1036,ontime
800,1253,1004,942,delayed
800,1358,1057,1043,ontime
800,1655,1027,1014,ontime
800,1858,1256,1247,ontime
800,853,1228,1228,ontime
800,626,1057,1116,ontime
800,656,950,937,ontime
800,757,1124,1103,ontime
800,855,1043,1034,ontime
800,956,1114,1047,ontime
800,1057,1023,1050,ontime
800,1157,1045,1042,ontime
800,1259,1105,1057,delayed
800,1355,1129,1102,ontime
800,1502,1305,1248,ontime
800,1659,1352,1340,ontime
800,1759,1102,1112,ontime
800,1859,1207,1210,ontime
800,1958,1121,1057,ontime
800,2055,1033,1033,ontime
800,1449,1012,1000,delayed
800,1032,910,902,ontime
800,1726,915,922,ontime
800,654,1020,1016,ontime
800,1731,924,957,ontime
800,1254,939,913,ontime
800,728,1525,1513,ontime
800,1849,1140,1144,delayed
800,833,843,839,ontime
800,1820,837,833,delayed
800,1235,1018,1020,ontime
800,2239,835,823,delayed
800,626,1120,1134,ontime
800,1427,910,935,ontime
800,2054,1123,1135,ontime
800,1629,948,965,ontime
800,700,843,897,ontime
800,641,925,950,ontime
800,1451,940,955,ontime
800,1851,1025,1043,ontime
800,1252,1258,1251,ontime
800,1528,854,841,delayed
800,1657,936,1235,ontime
800,901,1007,1112,ontime
800,1356,1005,930,ontime
800,1455,855,933,ontime
800,1633,850,838,ontime
800,1240,1051,1035,ontime
800,1711,1005,945,ontime
800,2119,855,1013,ontime
800,832,856,900,ontime
800,1305,930,922,ontime
800,1644,930,1011,ontime
801,1715,1034,1025,delayed
801,2125,1049,1044,ontime
802,1751,1114,1115,ontime
802,1511,958,957,delayed
802,730,1135,1153,ontime
802,829,1010,1000,ontime
802,1028,1015,1033,ontime
803,1230,1128,1105,ontime
804,1428,939,934,ontime
804,1630,925,911,ontime
804,1829,1115,1109,ontime
804,2031,1116,1130,ontime
804,1525,1256,1320,ontime
805,550,1020,1036,ontime
805,1812,1015,1025,ontime
805,931,1008,1033,delayed
805,1319,920,917,ontime
805,849,940,921,ontime
805,657,930,921,ontime
805,919,940,925,ontime
805,1058,915,859,ontime
805,1259,940,930,ontime
805,1457,1000,957,ontime
805,1656,1220,1202,ontime
805,1854,915,909,ontime
805,1453,1105,1110,ontime
805,1715,945,919,ontime
805,654,1011,1042,delayed
805,1029,1342,1328,ontime
805,1252,1139,1156,ontime
805,824,1008,1003,ontime
805,1658,922,921,ontime
805,1240,1033,1050,ontime
805,2118,1011,1015,ontime
805,929,957,1008,ontime
805,1456,1210,1230,ontime
805,1556,1355,1332,ontime
805,659,915,935,delayed
805,640,920,911,ontime
805,1358,1245,1239,ontime
805,1658,915,926,ontime
805,1728,1625,1634,ontime
805,1455,1030,1014,ontime
805,1656,1111,1106,ontime
805,1251,955,950,ontime
805,1455,1110,1104,ontime
805,1900,857,842,delayed
805,2244,929,958,delayed
805,901,908,1020,ontime
805,1326,1030,1012,delayed
805,1452,1031,1012,ontime
805,1641,1107,1107,ontime
805,1715,1045,1112,delayed
805,2122,1133,1123,delayed
805,1600,905,921,ontime
805,1535,938,918,delayed
805,826,1012,1034,ontime
805,1026,940,931,ontime
805,1128,1006,1006,ontime
805,1229,953,936,ontime
806,1330,1050,1030,ontime
806,1429,930,938,ontime
806,1530,1117,1114,ontime
806,1633,938,933,ontime
807,1729,1115,1121,ontime
808,1829,1036,1050,ontime
808,1930,1325,1332,ontime
808,2031,916,1040,ontime
808,1604,858,907,delayed
808,917,858,850,ontime
808,1852,1013,1008,ontime
809,1255,1601,1547,ontime
809,1528,1008,932,delayed
809,1659,909,907,ontime
810,1859,930,1012,ontime
810,845,1055,1056,ontime
810,859,1111,1107,ontime
810,954,1318,1329,ontime
810,1053,1550,1530,ontime
810,1156,1033,1034,ontime
810,1254,1045,1045,ontime
810,1356,1040,1013,ontime
810,1455,1630,1607,ontime
810,1600,1015,949,ontime
810,1655,1115,1103,ontime
810,1754,930,958,ontime
810,1855,920,903,ontime
810,1953,1135,1119,ontime
810,2057,1040,1059,delayed
810,1456,930,915,ontime
810,1137,920,907,delayed
810,1729,1305,1302,ontime
810,1313,1135,1204,ontime
810,1620,1254,1229,ontime
810,1251,1045,1044,ontime
810,1856,1009,1000,ontime
810,830,1605,1535,ontime
810,1720,1355,1357,ontime
810,1238,1044,1049,ontime
810,2120,948,952,delayed
810,1521,935,929,delayed
810,2244,1138,1132,delayed
810,926,1121,1103,ontime
810,840,1132,1133,ontime
810,1859,1023,1027,delayed
810,1456,937,936,ontime
810,1655,932,922,ontime
810,1356,940,937,ontime
810,1736,1120,1108,ontime
810,1500,910,904,ontime
810,1243,1005,938,ontime
810,1612,905,856,delayed
810,1947,1013,942,delayed
810,2150,1011,957,delayed
810,1001,919,846,delayed
810,1035,928,914,delayed
810,839,848,940,ontime
810,1235,1120,1113,ontime
810,1459,1123,1133,delayed
810,1759,1134,1117,delayed
810,1829,1502,1507,delayed
810,2120,957,936,ontime
810,1635,1032,1057,ontime
810,1509,955,1012,delayed
811,741,1603,1546,delayed
811,929,1630,1606,ontime
811,1033,1015,1006,ontime
811,1129,1031,1029,ontime
811,1229,953,956,ontime
811,1328,1017,1015,ontime
811,1433,1014,953,delayed
812,1540,1114,1046,delayed
812,1634,1020,1056,ontime
812,1730,1129,1121,ontime
812,1931,939,914,ontime
813,2031,1050,1106,ontime
813,1619,1044,1036,delayed
813,1956,850,843,delayed
814,1017,1059,1038,delayed
814,920,1018,1002,delayed
814,1607,1023,1034,delayed
814,2010,857,858,delayed
814,929,1203,1159,delayed
815,646,1021,1026,delayed
815,729,1104,1050,delayed
815,801,1016,1021,ontime
815,925,1432,1500,delayed
815,956,1323,1312,ontime
815,1100,1023,1018,delayed
815,1358,1012,1020,ontime
815,1559,1505,1503,ontime
815,1703,1050,1043,ontime
815,1756,950,1052,ontime
815,1900,840,820,ontime
815,1955,1230,1246,ontime
815,2118,1035,1020,delayed
815,1737,1025,1017,delayed
815,1504,1005,938,ontime
815,750,1235,1235,delayed
815,1922,1420,1403,delayed
815,1254,1634,1552,ontime
815,840,1010,1010,ontime
815,1501,1200,1223,delayed
815,2150,1235,1222,delayed
815,632,1115,1127,ontime
815,1457,1605,1544,delayed
815,1500,1130,1155,delayed
815,2055,955,950,ontime
815,856,1125,1151,ontime
815,1939,915,935,delayed
815,1258,1012,943,ontime
815,1754,1610,1553,delayed
815,1358,1620,1559,ontime
815,1755,1135,1137,delayed
815,1515,1631,1612,ontime
815,1941,1103,1130,delayed
815,1409,937,911,delayed
815,1520,1150,1203,delayed
815,1735,1108,1103,delayed
815,845,956,922,delayed
815,1031,1005,951,ontime
815,837,1207,1214,delayed
815,1342,1345,1337,delayed
815,1512,1118,1137,delayed
815,1915,1123,1106,delayed
815,2155,1043,1014,delayed
815,1505,1229,1210,delayed
815,731,1137,1108,ontime
815,842,844,829,delayed
815,1032,1108,1104,ontime
815,1231,849,830,ontime
815,1430,845,924,ontime
815,1750,935,937,delayed
815,1927,958,1026,delayed
815,2030,850,834,delayed
815,1551,943,963,delayed
815,1915,850,821,delayed
815,700,915,930,delayed
815,810,958,949,ontime
815,1612,1000,955,delayed
815,1459,1043,1029,ontime
815,1855,920,910,delayed
815,1026,1016,1020,delayed
815,625,1116,1244,ontime
815,657,905,854,ontime
816,757,1035,1026,ontime
816,858,1550,1552,ontime
816,956,1026,1019,ontime
816,1057,937,915,ontime
816,1156,910,906,ontime
817,1300,852,845,ontime
818,1357,1100,1052,ontime
818,1457,1100,1140,ontime
818,1559,1100,1043,ontime
818,1657,1134,1140,ontime
819,657,919,922,delayed
820,1813,1015,1006,delayed
820,1257,1146,1138,delayed
820,840,1605,1539,delayed
820,1824,1640,1643,delayed
820,1348,920,924,delayed
820,2150,1035,1037,delayed
820,1444,940,934,delayed
820,1456,925,910,delayed
820,711,915,916,delayed
820,641,1010,1010,ontime
820,1500,1030,1022,ontime
820,1631,1116,1058,ontime
820,1238,1022,1038,ontime
820,1552,1022,1043,delayed
820,1744,959,959,ontime
820,2151,1152,1153,delayed
820,640,1500,1429,ontime
820,1038,1012,1011,ontime
820,912,916,951,delayed
820,1331,955,1005,delayed
820,1451,1430,1426,ontime
820,1642,1100,1300,ontime
820,1832,1132,1308,delayed
820,2118,957,941,ontime
820,1610,1110,1056,ontime
820,1451,1052,1035,ontime
820,729,1125,1104,ontime
820,931,1248,1237,ontime
820,1130,1026,1000,ontime
820,1329,1006,941,ontime
820,1529,927,928,ontime
820,1729,909,906,ontime
820,1830,1105,1049,ontime
820,2030,1140,1132,delayed
820,1529,1010,1019,ontime
820,1833,945,1006,ontime
820,756,1318,1338,delayed
820,1424,949,938,delayed
820,1513,1014,1022,ontime
820,1551,1011,1020,ontime
821,1719,1020,1014,delayed
821,1941,932,942,delayed
821,849,917,929,ontime
822,628,1010,1007,ontime
822,657,1030,1035,ontime
822,830,921,924,delayed
823,921,1333,1320,delayed
823,1005,1144,1244,ontime
823,1056,1659,1642,ontime
823,1257,1045,1053,ontime
823,1458,1134,1255,delayed
824,1555,1017,1002,delayed
824,1656,1439,1431,ontime
825,1758,1642,1638,ontime
825,1855,1038,1040,ontime
825,1956,1210,1206,delayed
825,2054,1005,1121,ontime
825,1454,924,912,ontime
825,1022,925,926,ontime
825,1848,1105,1140,delayed
825,1723,1005,1001,ontime
825,1937,1115,1054,delayed
825,1256,1050,1038,ontime
825,836,1055,1024,ontime
825,1715,1555,1540,delayed
825,1354,1040,1015,delayed
825,2116,1030,1026,ontime
825,627,950,958,ontime
825,1425,1619,1549,ontime
825,1355,1135,1152,ontime
825,1650,1300,1255,ontime
825,2120,1128,1110,delayed
825,1855,931,920,ontime
825,1628,1115,1145,ontime
825,911,948,934,delayed
825,700,1029,1018,ontime
825,1523,1015,1025,ontime
825,1453,1138,1120,ontime
825,1455,855,824,ontime
825,1636,933,900,ontime
825,1321,928,915,delayed
825,1609,1019,1017,delayed
825,1939,1134,1136,delayed
826,2120,1056,1048,ontime
826,721,933,922,delayed
827,837,1052,1039,ontime
827,1232,953,940,ontime
827,1450,1150,1208,ontime
827,1644,1155,1625,ontime
829,1737,1102,1100,ontime
829,2115,949,928,ontime
829,1613,1143,1134,ontime
830,1500,1036,1036,delayed
830,630,1013,1011,ontime
830,728,1157,1153,ontime
830,834,1128,1205,delayed
830,1032,1420,1408,ontime
830,1128,1212,1145,ontime
830,1230,1650,1622,ontime
830,1329,1015,1003,ontime
830,1430,1005,1009,ontime
830,1531,1105,1059,ontime
830,1629,935,940,ontime
830,1730,1145,1143,ontime
830,1829,955,944,ontime
830,1928,1105,1053,ontime
830,2031,1215,1200,ontime
830,1633,1035,1024,delayed
830,559,1315,1307,ontime
830,1829,1020,1002,ontime
830,650,1345,1350,delayed
830,749,1110,1109,ontime
830,855,1323,1310,ontime
830,1257,1152,1143,ontime
830,1428,1158,1208,delayed
830,1527,1500,2010,delayed
830,1654,937,925,ontime
830,1902,1400,1358,ontime
830,848,1245,1232,ontime
830,632,950,1023,ontime
830,657,940,926,delayed
830,755,1122,1111,ontime
830,858,1154,1142,ontime
830,958,1150,1135,ontime
830,1058,1335,1332,ontime
830,1155,1425,1423,ontime
830,1256,1715,1650,ontime
830,1356,1219,1230,ontime
830,1457,1127,1111,ontime
830,1556,1213,1205,ontime
830,1659,1139,1143,ontime
830,1758,1019,1014,ontime
830,1857,1655,1818,ontime
830,2001,1116,1043,ontime
830,2055,1228,1228,ontime
830,1718,1012,1020,ontime
830,659,850,1120,ontime
830,1030,1120,1128,ontime
830,1451,1010,952,ontime
830,1255,1330,1256,ontime
830,1728,1145,1201,ontime
830,732,1154,1127,ontime
830,1852,1046,1035,ontime
830,913,1415,1430,delayed
830,1659,1114,1104,ontime
830,1237,1105,1132,ontime
830,2211,1417,1415,delayed
830,627,1010,939,ontime
830,1427,1130,1113,ontime
830,2057,1131,1125,ontime
830,1633,950,958,ontime
830,1452,1029,1035,ontime
830,640,850,828,ontime
830,654,1144,1142,ontime
830,1855,1146,1130,ontime
830,1405,900,844,delayed
830,1259,840,821,ontime
830,1620,948,900,delayed
830,857,835,830,ontime
830,1659,938,924,ontime
830,1455,1008,1051,ontime
830,1640,1006,1006,ontime
830,1237,1018,1002,ontime
830,1528,1029,1032,delayed
830,1709,1028,1018,ontime
830,2127,1018,1004,ontime
830,632,1038,1140,ontime
830,1030,1112,1106,ontime
830,831,1017,953,ontime
830,1241,943,929,ontime
830,1459,910,924,ontime
831,1641,958,950,ontime
831,1714,1020,1009,ontime
831,2214,908,928,delayed
831,1609,903,943,ontime
831,1510,1037,1043,delayed
831,630,925,941,ontime
831,730,1015,959,ontime
832,830,1005,947,ontime
832,931,1023,1023,ontime
834,1031,1202,1156,ontime
835,1131,1048,1036,ontime
835,1231,1220,1234,ontime
835,1331,1639,1616,ontime
835,1432,1019,957,ontime
835,1531,1112,1108,ontime
835,1632,1105,1059,ontime
835,1730,1045,1031,ontime
835,1830,1130,1133,ontime
835,1927,1035,1037,ontime
835,2031,1000,938,ontime
835,1523,955,945,ontime
835,1843,1100,1046,ontime
835,703,1020,1007,ontime
835,827,945,941,delayed
835,850,920,901,ontime
835,1056,1213,1409,ontime
835,1251,1013,1008,ontime
835,1358,1042,1035,ontime
835,1458,1330,1314,ontime
835,1703,1110,1059,delayed
835,1656,1020,1006,ontime
835,849,1010,1000,ontime
835,638,1638,1635,ontime
835,656,940,933,ontime
835,754,1305,1244,ontime
835,858,1142,1136,ontime
835,957,1047,1026,ontime
835,1057,1336,1339,ontime
835,1155,1108,1055,ontime
835,1256,1019,940,ontime
835,1356,1030,1027,ontime
835,1459,1026,1008,ontime
835,1556,1049,1033,ontime
835,1656,1037,1014,delayed
835,1758,1045,1019,ontime
835,1856,1137,1100,ontime
835,2004,1105,1053,ontime
835,2057,948,950,ontime
835,1748,1158,1160,delayed
835,700,940,1010,ontime
835,1513,900,839,delayed
835,1037,1227,1205,ontime
835,1728,926,925,ontime
835,1257,1130,1135,ontime
835,1851,940,940,ontime
835,727,925,925,ontime
835,832,1020,1011,ontime
835,1715,1009,1012,ontime
836,1242,1129,1120,delayed
836,2116,1228,1228,ontime
836,623,1128,1109,ontime
836,1426,1024,1020,ontime
837,1255,1056,1104,ontime
837,2056,948,953,ontime
837,1657,945,1113,delayed
837,1856,1001,1003,delayed
837,643,938,929,ontime
838,1359,950,939,delayed
838,1601,1025,1033,delayed
838,1630,948,942,ontime
838,858,1205,1213,ontime
838,1456,1444,1439,delayed
839,659,1154,1128,delayed
839,1505,952,1003,ontime
839,1633,1000,1000,ontime
839,1243,1040,1031,ontime
839,1711,1131,1135,ontime
839,2117,1015,1003,ontime
840,931,1239,1218,delayed
840,1238,1636,1603,ontime
840,1639,1019,1012,ontime
840,1706,1147,1339,ontime
840,2115,1025,1039,ontime
840,1750,1620,1618,ontime
840,1500,935,925,ontime
840,727,1000,938,ontime
840,840,1600,1553,delayed
840,1030,1125,1105,ontime
840,1231,1230,1211,ontime
840,1429,1215,1217,ontime
840,1629,1215,1222,ontime
840,1829,1000,1008,ontime
840,2026,940,926,ontime
840,1514,910,920,ontime
840,613,1140,1128,ontime
840,1819,1230,1229,ontime
840,904,1633,1627,ontime
840,1254,1445,1537,ontime
840,847,1215,1206,ontime
840,706,1100,1107,ontime
840,857,1133,1117,ontime
840,1058,1135,1123,ontime
840,1256,1055,1052,ontime
840,1457,1730,1746,ontime
840,1655,1127,1120,ontime
840,1856,1209,1222,ontime
840,1025,1046,1028,ontime
840,1449,1005,1021,ontime
840,1715,1030,1010,ontime
840,704,1039,1016,ontime
840,1255,1155,1130,ontime
840,840,1155,1229,ontime
840,1659,930,950,ontime
840,1247,1032,1046,ontime
840,2111,1104,1052,ontime
840,1458,904,843,ontime
840,925,1225,1244,ontime
840,650,930,931,ontime
840,644,1143,1153,ontime
840,1653,1018,1120,ontime
840,1558,1111,1110,ontime
840,1403,1018,946,ontime
840,1736,955,955,ontime
